"Pressure (Decibar)","Depth (Meter)","Temperature (Celsius)","Conductivity (MicroSiemens per Centimeter)","Specific conductance (MicroSiemens per Centimeter)","Salinity (Practical Salinity Scale)","Sound velocity (Meters per Second)","Density (Kilograms per Cubic Meter)"
0.15,0.149926023122103,14.0472516124319,33198.8102242831,42511.0716546734,26.9581018166799,1494.20908319308,1019.97435887253
0.45,0.449786810413853,14.048263948591,33194.6614557702,42504.6571845968,26.9535675738641,1494.21208905689,1019.97202028349
0.75,0.749645199892468,14.0477580332607,33192.078959629,42501.9010455813,26.9515010844155,1494.21294135914,1019.97187914309
1.05,1.04950458214942,14.0494879977647,33183.0733077518,42488.4870573096,26.9421027082623,1494.21264369078,1019.96565415904
1.35,1.34936511053723,14.0628508045658,33193.680653441,42487.5296730279,26.9422043360413,1494.26204006938,1019.96446977823
1.65,1.64922520320025,14.0528610027194,33187.8072436141,42490.8782499995,26.9438020909383,1494.23571347374,1019.96900607721
1.95,1.94908167858989,14.0442111164152,33206.3646449846,42524.0563139766,26.9664171363869,1494.23838962031,1019.98946605005
2.25,2.24893609206304,14.0416554278532,33193.079071711,42509.825349299,26.9561645410391,1494.22287163591,1019.98342112207
2.55,2.54878512737621,14.0035420314826,33212.9694006303,42576.8631138958,27.0006010318888,1494.15322613165,1020.02644398436
2.85,2.84861761935006,13.9502346852986,33255.4380828528,42689.650462369,27.0761236497172,1494.06933834258,1020.09636818735
3.15,3.14841386287535,13.7701644527844,33317.142192192,42967.5017664249,27.2588935902694,1493.68827769397,1020.2735160259
3.45,3.44814501828054,13.5935588257031,33508.1789741471,43411.6209980495,27.5584128021884,1493.4537807271,1020.5398510072
3.75,3.74781293378296,13.4994870921673,33640.3537500689,43689.353145841,27.7467872840352,1493.36442838618,1020.70456115362
4.05,4.04740004348382,13.1279762495322,33787.4133838034,44307.9028935059,28.1539476899538,1492.59627317276,1021.09087016846
4.35,4.34689988024033,12.9567701595936,33895.2234231798,44649.7729926222,28.3810357178615,1492.28861773839,1021.2998667584
4.65,4.64634414480309,12.8446005805591,34010.7937195178,44934.8033771947,28.5726255525549,1492.13844112147,1021.4702864909
4.95,4.94573304328953,12.6937304176854,34135.3581630506,45279.8884387346,28.8032144561531,1491.90168635131,1021.67803142242
5.25,5.24505266350094,12.5119838693278,34304.4524026741,45724.6576483036,29.1012309918003,1491.63785870701,1021.9435793142
5.55,5.54431055191347,12.4134020476492,34411.1123974289,45987.6815714372,29.2780719705386,1491.51435099316,1022.09996101827
5.85,5.84353324502132,12.3615646677774,34469.0000284105,46128.9567700284,29.3730717901938,1491.45395430369,1022.18438442902
6.15,6.14272498281335,12.2348720493002,34504.5111839892,46333.5970891805,29.5059916297488,1491.1806391501,1022.31186184755
6.45,6.44189144156769,12.1939235281915,34520.7355964372,46406.4184708449,29.5535476230376,1491.10088810014,1022.3575222189
6.75,6.74104387556651,12.1378968525923,34527.2924386344,46485.2554463169,29.6039319812881,1490.97230678467,1022.40810803978
7.153275834634,7.14316766362434,12.1430681344401,34550.1976159161,46509.6172061781,29.6214641768761,1491.0176813058,1022.42257337331
0.15,0.151670305993291,9.61985674863341,13006.6765446345,18784.9947489282,10.902173496083,1459.17189772243,1008.24599645359
0.45,0.454916141619776,9.71676462217979,14000.3952362617,20163.7384540683,11.775207720756,1460.61350130849,1008.91537782929
0.75,0.757949668653867,9.87366348096467,15112.9862119509,21668.1941376766,12.7376812725225,1462.39094088328,1009.64654246662
1.05,1.06084397271556,9.99264221867789,15454.5568317917,22082.5805825297,13.0075531032724,1463.17913243976,1009.84332918461
1.35,1.36364916861451,9.94799941536232,15986.6359912593,22872.0331044642,13.5110826594748,1463.62249042402,1010.241270399
1.65,1.6663517699028,10.0073266588683,16421.7236200483,23454.6953271684,13.8882219238769,1464.31055221495,1010.52833846244
1.95,1.96894904046989,10.143643718857,17085.4187525039,24307.9785482465,14.44506513675,1465.50777822848,1010.94510514102
2.25,2.27136073020743,10.3562241514394,18371.111906315,25980.025225017,15.5408003152156,1467.63904985418,1011.76948635822
2.55,2.57354911495516,10.5571481958378,19440.2832898874,27336.6738845539,16.4381922551822,1469.47855682377,1012.44007638986
2.85,2.87545925607411,10.7110612404899,21214.4249454202,29702.8766557164,18.0062526060364,1471.94113234281,1013.63588376492
3.15,3.17700937047411,11.0137624504623,23141.3749494929,32128.5161211973,19.6398856273852,1475.02084086027,1014.85946059803
3.45,3.47808280900256,11.3446220029687,26166.7149702264,35998.0562847635,22.272082248701,1479.37656240765,1016.84909658775
3.75,3.77870187221356,11.5084695354747,27798.8739016824,38071.8149177285,23.6990157195305,1481.67352587857,1017.92932034182
4.05,4.07902000766604,11.6291366294859,29226.0866330845,39894.5884647987,24.9611100404153,1483.61417045274,1018.88826600996
4.35,4.37912223205131,11.7808473715731,30063.8229101209,40868.8557476742,25.6463730760178,1484.97302676681,1019.39478460331
4.65,4.67893708571805,11.8593833888145,32119.855928415,43570.7993126143,27.5322001598346,1487.50136418687,1020.84323458659
4.95,4.97845283141064,11.9146888114526,32975.4376778139,44664.3852887952,28.3026273063421,1488.61779802368,1021.43176997604
5.25,5.27782087616537,11.9637354380804,33594.3257694067,45442.2765600653,28.8533593012811,1489.44989431874,1021.85114672183
5.55,5.57711393798382,11.9926463084658,33749.0878883098,45615.9416210598,28.9780897823486,1489.70396177999,1021.94398658356
5.85,5.87638793885828,12.0067258211639,33813.4488276659,45685.5450966811,29.0282671634294,1489.81758688695,1021.98170204318
6.15,6.17564598074582,12.0116936117903,33914.2302396217,45815.561151217,29.1201666648203,1489.94925134989,1022.05337626427
6.45,6.47488051439055,12.0162788140802,34038.4804444026,45977.7178243199,29.2347209018576,1490.10657190397,1022.1426737283
6.75,6.77408799722074,12.0194656140038,34170.1491092076,46151.5969267282,29.3574738046638,1490.2688069136,1022.23857732334
7.05,7.07327447154344,12.0232019509592,34237.5111034682,46237.9120379958,29.4185797392667,1490.35950233523,1022.28661273349
7.35,7.37244970848934,12.0252289456583,34277.4490607589,46289.3141202013,29.4549135527846,1490.4147554266,1022.31575992054
7.65,7.67161363596369,12.0267015278037,34343.0478361491,46376.0562230483,29.5161378449731,1490.49774104339,1022.36429532714
7.95,7.97076680250218,12.028557056883,34377.7219733267,46420.5530889522,29.5475990560078,1490.54659353308,1022.38969749865
8.25,8.26990509734282,12.0316403310849,34483.0856727739,46558.9498122072,29.6454699957343,1490.67882389368,1022.46634165744
8.67092940920875,8.68960235775519,12.0347160533208,34533.1640874538,46622.6932018793,29.6906113520079,1490.75019155265,1022.50267135237
0.15,0.149942202342467,16.7005596805448,35964.5450454032,43122.376918819,27.5377567574838,1503.38110650508,1019.86492261967
0.45,0.449841599630874,16.6954173075706,35864.8569366317,43008.1520375138,27.4565397095857,1503.27733542342,1019.80523560362
0.75,0.749757000913771,16.6709038202593,35737.9059085597,42881.1264362172,27.3653897567608,1503.10223606203,1019.7422403293
1.05,1.04968999272168,16.6317496386645,35604.7536331896,42761.5389002562,27.278858394281,1502.88694551525,1019.68600741576
1.35,1.34961798505632,16.5208607174943,35615.6169591322,42888.823044227,27.363521380779,1502.64450868751,1019.77662537645
1.65,1.64951915017483,16.417869990698,35637.5622122014,43021.9639737693,27.4526233368606,1502.4309571316,1019.8688318313
1.95,1.94941974279953,16.4098418527661,35492.0596166621,42854.6186470056,27.3337758981601,1502.27473550302,1019.78090621173
2.25,2.24933777448144,16.3605829089586,35387.9794999691,42779.8365147124,27.2784114749095,1502.06255520574,1019.75061878832
2.55,2.54925076788203,16.296482570845,35412.5998051727,42876.0485162648,27.343172364728,1501.94146148096,1019.81555776266
2.85,2.84913699095978,16.1670503161852,35443.0548181271,43047.8435373743,27.4580571472521,1501.67288059714,1019.93307926732
3.15,3.14895602441551,15.7620061910074,35496.9004460556,43541.6503786885,27.7859744873632,1500.77845040066,1020.27310325691
3.45,3.44869457611052,15.44465918289,35448.5070432721,43823.4710830107,27.9675733350658,1499.98415115722,1020.48123918784
3.75,3.748381902352,15.2260578586815,35410.3252933283,44014.162931064,28.0896769509909,1499.43091886712,1020.62230443323
4.05,4.04798809185933,14.6622296437638,35382.1255098924,44604.3072057292,28.4722777998728,1498.05903946835,1021.03445343401
4.35,4.34752223085192,14.54719017062,35367.0812140184,44715.0367212345,28.5430264644627,1497.77183421119,1021.11371551723
4.65,4.64703702279628,14.505229753081,35395.3469402174,44798.3053907653,28.5990932699254,1497.70524830319,1021.16675146259
4.95,4.94653767734281,14.4593885613472,35405.7289641465,44863.5042951838,28.6420893468763,1497.61065220372,1021.21050531423
5.25,5.24603313192748,14.4475656103518,35379.2613720803,44843.4026595498,28.6269568789837,1497.55933990666,1021.20259925755
5.55,5.54553130092202,14.420654952894,35332.6489987497,44814.8934118049,28.6048567210976,1497.45056023813,1021.19238274638
5.85,5.84502866668808,14.4102751474724,35342.5119994107,44839.2099105623,28.6212672405859,1497.44070342967,1021.20846503873
6.15,6.1445237660873,14.3844869485594,35311.6142087402,44829.343917646,28.6124343144625,1497.35097796821,1021.20822621523
6.45,6.44401504696375,14.3703038275566,35332.5214607934,44872.0457118533,28.6415972432737,1497.34352093203,1021.23489440596
6.75,6.74350806390501,14.3560132131896,35259.7322595539,44795.8639364125,28.5865974268908,1497.23750983772,1021.19677537861
7.05,7.04302566140119,14.3569403007099,35072.3831398466,44556.7959194404,28.4174265313824,1497.04814077132,1021.06767362442
7.35,7.34256888757499,14.3344103384517,34980.2185755574,44465.162022986,28.3510161660533,1496.90174699049,1021.02242198308
7.63243059678511,7.62457088728237,14.321684343019,35015.4354714239,44524.333146528,28.3918914394139,1496.91235907437,1021.05772419831
0.15,0.149932455434749,16.6994285638009,36066.0374579314,43245.2418415635,27.6247376535376,1503.477034801,1019.93175436314
0.45,0.449799873190253,16.6756883226022,36071.9972322459,43277.0263480962,27.6460359589509,1503.43293417189,1019.95467028157
0.75,0.749657624404022,16.6547951210693,36091.7397796839,43322.4310367913,27.6771178050184,1503.40879746176,1019.98444109125
1.05,1.0495030594035,16.6328462257485,36148.0382980844,43412.8837866098,27.7400758632132,1503.41782964523,1020.03884970706
1.35,1.34933569972321,16.6138996517057,36174.9300056575,43464.9603959608,27.7759818834675,1503.4052016557,1020.07188105052
1.65,1.64915679742215,16.5987339028725,36225.8584763321,43542.0204866266,27.8297862146609,1503.42475146898,1020.11777866538
1.95,1.94896376977342,16.5462974634901,36240.9341512067,43615.1189923174,27.8789660874954,1503.32345937542,1020.16839193646
2.25,2.24873954621032,16.3793520621431,36293.8904832562,43855.0734539661,28.0407518622045,1502.9949409171,1020.33049822966
2.55,2.54843975028712,15.9789594383462,36364.8458127306,44370.1430089292,28.3851985387804,1502.14290590608,1020.68335861829
2.85,2.84804678672562,15.554197855308,36297.3691579376,44751.6793297723,28.6320967743706,1501.09052538416,1020.96554891617
3.15,3.14760135896421,15.3655643447259,36192.1136467969,44830.4318722175,28.6767739286019,1500.54669314664,1021.04128554721
3.45,3.44709060916655,14.8510615914929,36148.0297436811,45353.9106614386,29.0162595415735,1499.29355606602,1021.41138547662
3.75,3.74649982953766,14.6268516641561,36147.7392173575,45610.1578845013,29.1833040679368,1498.7667273803,1021.5875530467
4.05,4.04587446512843,14.5765547134722,36176.0484148664,45703.8879164384,29.2463726100139,1498.6817329636,1021.64777414292
4.35,4.34523673961776,14.5687987087852,36200.9169376461,45744.2708888818,29.2744278326088,1498.69415934725,1021.67230790044
4.65,4.64459478280545,14.5450254436525,36178.9475883882,45743.9933120531,29.2725021743698,1498.61956296687,1021.67704364312
4.95,4.94394866834514,14.5121314493868,36174.5264213323,45776.4806584405,29.2932210202879,1498.54162105153,1021.70107602934
5.25,5.24329513250814,14.4983068103682,36196.0316317214,45819.7256473536,29.3228867151362,1498.53614520997,1021.72809129347
5.55,5.54263838183366,14.4982180145993,36187.3468691018,45808.8347880988,29.3150371743856,1498.53166107351,1021.72340970696
5.85,5.84197858477536,14.456845580154,36175.9122434018,45842.3775538681,29.3359015304643,1498.42614926055,1021.74927615249
6.15,6.14131140815841,14.4405331416738,36191.4916260721,45881.0882399448,29.3621649271123,1498.40855201736,1021.77417646122
6.45,6.44064009522971,14.4418999129396,36196.594122077,45885.9667028895,29.3656199395517,1498.4219937624,1021.77790290112
6.75,6.7399660665132,14.4360904287545,36210.0961309523,45909.8451916395,29.3820754298929,1498.42719878207,1021.79310610921
7.05,7.03928927947785,14.4335610312714,36211.1947423499,45914.1829895021,29.3848750921947,1498.42717109129,1021.79712305703
7.35,7.33860573318438,14.3986943879026,36231.0465251893,45980.009094304,29.429105427583,1498.3699773095,1021.83964434306
7.65,7.63791236722894,14.3733269734707,36236.2858855792,46016.2864951631,29.4529954594339,1498.3199963395,1021.86455853917
7.95,7.93721149018383,14.3400382457075,36235.1662550538,46053.8015097222,29.477197492407,1498.24445268802,1021.8913207508
8.25,8.23650480731272,14.3242714668524,36234.5284071813,46071.4554339861,29.4885185432435,1498.21108786008,1021.90459237471
8.55,8.53579344121916,14.2838964182491,36214.3331605777,46093.1023427637,29.5009200175275,1498.09845928378,1021.92369026684
8.85,8.83507305065279,14.2333154937602,36216.7157694009,46155.5635989533,29.541573877966,1497.98528099488,1021.96661108592
9.15,9.13434716156818,14.2287138286993,36202.5529851406,46142.926254512,29.5321547478281,1497.96414938841,1021.96162990888
9.45,9.43361920631657,14.2137730500558,36211.7160956815,46172.1906349815,29.5517662748166,1497.94305557397,1021.98111094435
9.75,9.73288702898095,14.190243364122,36197.1930356236,46181.3833347632,29.5564898803665,1497.87637733187,1021.99085426408
10.0212520182818,10.0034778039557,14.1830149558777,36165.6108966813,46149.6019862253,29.5332864526859,1497.8300177938,1021.97564967719
0.15,0.150501827165229,15.645215177955,29010.3624704085,35687.3033435718,22.299890178975,1494.0388802264,1016.07899080179
0.535066764503036,0.535760777629072,14.4108200130491,36379.8242574708,46154.6147040652,29.5565026204453,1498.44561816522,1021.90475396944
0.15,0.149798681155052,15.9504427676386,36588.8140136807,44674.5035472428,28.6006296330043,1502.26144869094,1020.84408110463
0.45,0.449379287294498,15.8390626181085,36698.2014512691,44930.2690838412,28.7761388126434,1502.11800644797,1021.00420821871
0.75,0.748886532578748,15.5660759387761,36864.5008562742,45437.5977995895,29.1211585017167,1501.658286824,1021.32918540994
1.05,1.04833753644111,15.5223722558386,36899.3832792609,45529.6435340658,29.1839693518185,1501.59721973447,1021.38812638122
1.35,1.34778029030177,15.5218470837209,36893.5331223038,45523.0150862561,29.1791163448022,1501.59490918302,1021.38585108068
1.65,1.64722271794605,15.4994996305325,36873.0067967686,45522.7930383738,29.1775135440717,1501.52709617418,1021.3907400605
1.95,1.94665159596322,15.3659807881933,36846.5750514632,45640.6289801342,29.2531781905646,1501.19499930336,1021.47868173009
2.25,2.24604766626918,15.1891557105225,36840.9343422502,45834.4218619706,29.3800208044918,1500.78249509685,1021.61498999025
2.55,2.54540090797358,14.9905608110303,36838.7763888889,46059.3395563584,29.5273057205021,1500.32165497085,1021.77137857654
2.85,2.84472511993899,14.944183530469,36844.952958979,46120.5483532716,29.5677485637605,1500.22447659713,1021.81354315524
3.15,3.14404006055265,14.9362571259946,36865.3500337562,46155.2392321719,29.5918270843505,1500.2319050092,1021.83506673719
3.45,3.44334268620934,14.9079398335681,36922.5386061431,46259.6400116427,29.6642127437807,1500.22983346582,1021.89802006652
3.75,3.74262953945937,14.8789104848262,36952.860276058,46331.3313062031,29.7132499678324,1500.19831055517,1021.94315868566
4.05,4.0419018273877,14.8489050325464,36995.9054194592,46420.2283466045,29.7744788465419,1500.17777526774,1021.99788077933
4.35,4.34115007883562,14.7335955724528,37020.0939248035,46585.3812012792,29.8842503322253,1499.93833536583,1022.10772654037
4.65,4.64036935095146,14.6326231028636,37029.5471794955,46715.9933918429,29.9702669843588,1499.7168149376,1022.19623815014
4.95,4.93957235840514,14.6040568017839,37027.9171986867,46747.6316681514,29.9907177845148,1499.653051622,1022.21923961072
5.25,5.2387695483651,14.5781934962501,37020.9372003116,46769.362027374,30.0042864890573,1499.58997674625,1022.23637749309
5.55,5.53795395512282,14.4949300236341,37024.6374294589,46872.6459412677,30.0719174678706,1499.40351242441,1022.30698347086
5.71512702753335,5.70262729052704,14.4925355911255,37004.94140625,46850.5514426447,30.0559357717211,1499.37982081456,1022.29590566186
0.15,0.149786051617515,15.9129916081622,36673.5652658684,44818.9729280907,28.7012473916547,1502.25951496586,1020.9293960846
0.45,0.449322869323714,15.7743142258639,36945.9085375545,45305.370843146,29.0393247969709,1502.2172422086,1021.22019819858
0.75,0.748808162928744,15.726903344583,36954.5225908725,45368.6869809459,29.0815553044502,1502.12131777034,1021.26419294494
1.05,1.04828154653358,15.6831764040679,36957.8548867432,45421.5454069704,29.1165364166158,1502.02852606647,1021.30181513993
1.35,1.34774479744385,15.6330025716869,36945.1039234319,45461.9417531985,29.1422472452724,1501.90451077462,1021.33369342529
1.65,1.64719710253649,15.5739850866916,36938.8263029226,45520.3330705599,29.1802201963387,1501.76645750683,1021.3768676198
1.95,1.94663505190922,15.4952979904355,36927.3980166973,45594.6737636295,29.2283320717202,1501.57745373941,1021.43201407902
2.25,2.24605606292699,15.3903299262035,36893.7718263326,45671.5405565399,29.2765758265571,1501.30455341347,1021.49281836384
2.55,2.54545038657642,15.2191316481603,36873.0284856866,45840.159862543,29.3858939287764,1500.89009381898,1021.61450932613
2.85,2.84481140894847,15.0761357743026,36861.3244082387,45989.1200786314,29.4827488197657,1500.5495928318,1021.7204821301
3.15,3.14414707318583,14.993626933034,36862.8964805533,46085.9633239531,29.546255302872,1500.36342571838,1021.78799459441
3.45,3.44346321166882,14.9307189555582,36884.9756392145,46186.2152798533,29.613418423442,1500.24412719309,1021.85417752966
3.75,3.74275667443584,14.8612362038517,36932.5259947839,46326.368060827,29.7085318649742,1500.13589027314,1021.94321927328
4.05,4.04202620565479,14.80058667554,36969.2655162998,46443.1163008707,29.787529407381,1500.03714772078,1022.01799993802
4.35,4.34127837395789,14.7722308855598,36998.784493578,46513.338163049,29.8355415433953,1500.00643936862,1022.06219847962
4.65,4.64052169709889,14.7653655846827,37013.100930279,46539.3696072747,29.8535202469011,1500.01014984093,1022.07880731287
4.95,4.93975898339324,14.7450912186862,37024.0871956581,46576.9307106926,29.8788004765407,1499.97904848733,1022.1038258258
5.25,5.23897990131179,14.6378589894147,37024.4278623953,46703.3649222611,29.9614142303672,1499.73337513141,1022.19102264727
5.55,5.53818256905023,14.5919736599055,37024.2646698824,46757.2859437627,29.9965376710707,1499.6305837233,1022.22890508579
5.85,5.83737560016697,14.5516751320735,37016.7721807998,46795.4543735392,30.020803207645,1499.53312133505,1022.25725894589
6.27897056359895,6.26518734602419,14.5913404305139,37053.7898842,46795.3212511617,30.0233475745225,1499.67181973244,1022.25294371911
0.15,0.149790018520827,16.5344565665862,37360.5234375,44975.3367756302,28.8458013915925,1504.36407649177,1020.90359190892
0.45,0.449380730428073,16.5465515491742,37326.0932616622,44920.8079489861,28.8074778535811,1504.36256330232,1020.87286988083
0.75,0.748965379073306,16.4992121126394,37357.0815431105,45009.3864935482,28.8680437970077,1504.29042563567,1020.93115639243
1.05,1.04853884399169,16.4664321612119,37344.3985324286,45029.6741075315,28.8806978710173,1504.20836567048,1020.94948121113
1.35,1.34811171457645,16.475229529202,37331.7479585781,45004.8720433162,28.863386172083,1504.22075251439,1020.93559535536
1.65,1.6476932832429,16.5204088520788,37314.5951991345,44935.2453778479,28.8160236505892,1504.31135204613,1020.89058604269
1.95,1.9472857811385,16.5823194280838,37341.3198034379,44900.4773146665,28.7943305813448,1504.48293720492,1020.86149656437
2.25,2.24688242039456,16.5796646194813,37338.1810400586,44899.5697557462,28.7934500618167,1504.4786959329,1020.86275036511
2.55,2.54646600655954,16.4941297200709,37369.5351523599,45029.9059221913,28.8818054088271,1504.3202800417,1020.95084773491
2.85,2.84602181849589,16.4027797198421,37414.1840852924,45183.1789296044,28.9861501241011,1504.1617155988,1021.05245223691
3.15,3.14556502955898,16.3708166682094,37351.4055729793,45142.2144654946,28.9551693953258,1504.03192947447,1021.03713159571
3.45,3.44510577380809,16.2709870997382,37281.3274835331,45166.5081252316,28.9670570572481,1503.74010032495,1021.06965798573
3.75,3.74463237384586,16.1418778895102,37224.9254715084,45239.7014685121,29.0120982231775,1503.39415170643,1021.13395317743
4.05,4.04414188248965,16.0540123331661,37199.2635648961,45305.2715810242,29.053861444293,1503.17237074859,1021.18658280523
4.35,4.34363690316056,15.9940394137242,37197.0606615388,45368.8648319514,29.095715472799,1503.03761174554,1021.23313745794
4.65,4.64312383260741,15.9353619588579,37140.0606145658,45364.2753322829,29.0890404446253,1502.85079797585,1021.24214982972
4.95,4.94259876664908,15.8463130398815,37143.6460713676,45467.5628068332,29.1574398214513,1502.65465516473,1021.31533902203
5.25,5.24204828934115,15.7339128753951,37160.5009974975,45613.713947849,29.2549444606971,1502.41790579804,1021.4158719745
5.55,5.54146186416963,15.5152647998526,37119.1684625799,45808.8681463029,29.380868170881,1501.87666014442,1021.56098444747
5.85,5.84084612008748,15.2394693785065,36878.8288723077,45824.1987803225,29.3746638891198,1500.99663691274,1021.61632136521
6.15,6.1401856337419,14.6751065990326,36592.8113145155,46115.5803364718,29.5450363669999,1499.38402626411,1021.86679524905
6.45,6.43948576256913,14.4825003206963,36398.0227852963,46093.8675231478,29.5162201027323,1498.72990891529,1021.88558035679
6.75,6.73878307930592,14.3485813463194,36245.029219378,46056.3354246168,29.4800302791907,1498.25585718445,1021.88638585242
7.05,7.03808116173206,14.2251581691146,36095.2748675067,46010.3624208299,29.4384680018296,1497.80833414765,1021.88074025906
7.35,7.3373746211041,14.1109393512185,36018.2819324806,46046.3012778015,29.4556320926001,1497.45838917025,1021.9183441047
7.65,7.63665289702638,14.0000135143455,35986.2805986929,46136.2411906036,29.5112504961615,1497.16326619379,1021.98481928419
7.95,7.93591336480542,13.9473782341595,36004.2464983818,46221.6561560536,29.5678859328864,1497.06094133395,1022.04035873165
8.25,8.23515810429657,13.9211898052108,36047.2663976878,46308.0221572026,29.6271569321828,1497.0488883598,1022.09264139853
8.55,8.53438780637057,13.9124600659287,36107.8378661835,46396.2414673945,29.6890623519351,1497.09756112183,1022.14347248555
8.85,8.83360456088568,13.9137644142995,36161.5038375576,46463.6413128273,29.7369442441301,1497.1629357089,1022.18148650566
9.15,9.13281499612485,13.9271466978005,36182.7211765602,46474.9207763083,29.7458615685943,1497.22251080789,1022.18703613127
9.45,9.43202224775424,13.9230985967334,36199.914577589,46501.840658476,29.7645798277859,1497.23603866142,1022.20362754951
9.75,9.73122408861837,13.9156759788164,36219.2136654794,46535.5062638449,29.7878385807001,1497.24375021636,1022.22439550733
10.05,10.0304213262105,13.918744751816,36236.6183688812,46554.1972126302,29.8012480718071,1497.27454707231,1022.2354703146
10.35,10.3296155397368,13.9260513452831,36257.2667504869,46571.9813562343,29.814334652447,1497.31894815263,1022.24544816248
10.65,10.6288051659195,13.9261004635314,36286.4234740797,46609.3739701402,29.840813952,1497.35509456119,1022.26720619788
10.95,10.9279883465494,13.9325333122523,36324.1216206435,46650.0873823334,29.8701419006179,1497.41563881276,1022.28988340608
11.25,11.2271659698072,13.9368694962459,36349.5262884079,46677.5151144503,29.8898665947709,1497.45800840951,1022.30557331505
11.55,11.5263371465994,13.9410402414998,36393.2961660376,46728.7159515231,29.9264901769199,1497.51963256986,1022.33432872744
11.85,11.8255031964281,13.9524747829409,36413.972329816,46741.5389301059,29.9363699806176,1497.57385930607,1022.34100159495
12.15,12.1246607228582,13.9372364422127,36468.6310949226,46830.0198308196,29.9980516593068,1497.60086019641,1022.39297420562
12.45,12.423807339411,13.9442612673678,36507.4572109992,46871.4208755445,30.0279379191727,1497.66399461961,1022.41596065062
12.8661065644856,12.8387203095047,13.9403602047151,36538.0334560191,46915.3768274527,30.0587710115376,1497.69414126728,1022.44239019538
0.15,0.149790267135443,16.427492381866,37230.52734375,44934.5654337105,28.811221068311,1503.99308116831,1020.90087859137
0.45,0.449381452630109,16.4563032840265,37225.6453890375,44897.4491695464,28.7861879800499,1504.0587088279,1020.87663719484
0.75,0.748975890977285,16.4762907272164,37226.2527197802,44876.5452106264,28.7722379023076,1504.10964415603,1020.86284391305
1.05,1.0485716046207,16.5015458150255,37262.3770435762,44892.7579826261,28.7849882376255,1504.20745911558,1020.86833407401
1.35,1.34816526764564,16.5217847114335,37297.7743075097,44913.5009088848,28.8007049524114,1504.29309118361,1020.87720692027
1.65,1.64775302214865,16.5305811452434,37354.5835208283,44972.3823875586,28.8430024533586,1504.37373412547,1020.90899014431
1.95,1.94733385617741,16.5365033507575,37383.6473071128,45000.9561366111,28.8635659724021,1504.42058012881,1020.92476082513
2.25,2.24691366584075,16.5488027406,37383.4482412771,44987.3952742654,28.8544375507165,1504.45313356336,1020.91635983624
2.55,2.54649009434793,16.528923756159,37406.5288531035,45036.7183516956,28.8884589751877,1504.43559015569,1020.94819445597
2.85,2.84605251749427,16.4696334959536,37431.9699977733,45131.7829966182,28.9530286443856,1504.3310070761,1021.0122119563
3.15,3.14560135723093,16.4152462243003,37409.8728764947,45164.3733733793,28.9733049877565,1504.19063098487,1021.04117596152
3.45,3.44515152327774,16.36485017375,37291.6120346558,45076.4500270341,28.9078999706299,1503.9641418696,1021.00355882153
3.75,3.74470713342103,16.3231054836553,37242.0070173232,45061.9654324548,28.895270778399,1503.82486138144,1021.00445151017
4.05,4.044258098076,16.2626880369369,37216.3274576975,45096.8286704719,28.9167772964338,1503.66646553166,1021.03561515468
4.35,4.34379528205451,16.1632443246991,37193.1847581584,45177.6644046512,28.9688754279599,1503.42114372094,1021.09878818204
4.65,4.64331318463262,16.0649991084562,37179.6060109016,45269.2156557791,29.0285857899678,1503.18762454008,1021.16746538592
4.95,4.94281357881134,15.9868595625544,37163.0174009307,45335.2828169382,29.0711883476734,1502.99680578147,1021.21856332119
5.25,5.24229756824072,15.8944463817395,37144.7410957264,45415.385684635,29.122922217832,1502.77121818819,1021.27972915143
5.55,5.54174924561322,15.6839078918791,37135.2300979574,45638.7205927309,29.269720843973,1502.28206756133,1021.43935576057
5.85,5.84115203101909,15.4117957931843,37074.8225806797,45871.2881387624,29.4189199731749,1501.59705345208,1021.61369194154
6.15,6.14053874636309,15.2729816127887,36817.2480387454,45709.6129518432,29.295080921665,1501.01643585337,1021.54939522797
6.45,6.43994634748601,15.1382722372084,36545.7540721287,45524.8221151016,29.1550607362974,1500.42829371253,1021.47155639624
6.75,6.73935164113358,14.8282167889432,36326.5002460343,45603.9752401355,29.1912646523449,1499.477690288,1021.565530139
7.05,7.03872990235458,14.5758604993421,36169.4941404504,45696.4089777046,29.2399584310708,1498.72156473963,1021.65642074257
7.35,7.33808580473778,14.4401710758247,36103.5493398553,45770.0212182717,29.2828189222085,1498.33464747529,1021.71852407235
7.65,7.6374223181121,14.3841514586479,36140.0624999769,45881.4791756054,29.3579752690234,1498.24445376386,1021.78916567187
7.95,7.93674344435288,14.3614461061336,36162.5896993809,45936.5613776901,29.3954044654079,1498.21892639377,1021.82396068307
8.25,8.23605756160395,14.2967109680099,36106.7929687497,45941.2404744801,29.3940471882444,1498.01061976423,1021.83740849864
8.55,8.53535877406745,14.2035183906537,36107.2148437501,46050.987674053,29.4652346091801,1497.79342988063,1021.91246702619
8.85,8.83463167122275,14.1028162353344,36161.2492035592,46238.6762451177,29.5911530646955,1497.61499196597,1022.03116769359
9.15,9.1338771970621,14.0525765419006,36200.51171875,46348.4293794412,29.6653372314356,1497.54153474187,1022.09980579975
9.45,9.43311013074341,14.0486218905669,36219.560874006,46377.5149037406,29.685607815909,1497.55720259676,1022.11757404349
9.75,9.73233296643095,14.0186023809486,36257.2703402635,46461.5185165712,29.74297829495,1497.5305109842,1022.16918248954
10.05,10.0315405482674,13.9921293258667,36300.884765625,46548.9900054569,29.8030769247903,1497.51865904836,1022.22218208839
10.35,10.3307320575681,13.9786797777082,36365.1794238061,46647.5258156425,29.8720270964402,1497.56006739848,1022.27939576854
10.65,10.6299102650525,13.9742687084047,36406.8018936805,46706.2027078259,29.9133206689673,1497.59886165849,1022.31347060023
10.95,10.9290805430135,13.9776663280649,36438.0090349682,46742.1634844412,29.9390502082501,1497.64514955892,1022.33397604688
11.25,11.2282485623934,13.9883790027183,36441.7486589076,46734.1161533887,29.9340252030703,1497.67949959978,1022.32929515002
11.55,11.5274153795656,13.9832833375664,36453.0414147722,46754.7090622354,29.9481817779723,1497.68425423892,1022.34258123844
11.85,11.8265731872489,13.9751506254787,36511.1531373615,46839.0147971532,30.0074447440692,1497.73184916485,1022.39126255404
12.15,12.1257203687763,13.9840467537456,36554.0701377493,46883.3704831287,30.0395784239775,1497.80374361569,1022.4156010399
12.45,12.4248621550307,14.0055716629677,36595.2022524892,46910.2242221886,30.0602161077758,1497.90372127755,1022.42853080253
12.6535433197021,12.6278215824784,14.0196922017107,36615.2949490086,46918.9951060189,30.0674548355886,1497.96201499794,1022.43218173529
0.15,0.150971487542833,16.8945576225358,25175.2167868409,30045.927461111,18.496827690649,1493.67914986576,1012.91613734844
0.45,0.45287877060643,16.7883059987036,25534.847405354,30552.623269948,18.8361689505153,1493.73428952487,1013.19842039074
0.75,0.754658623281638,16.7880111524282,26436.5691040615,31631.7627651984,19.567401006565,1494.57143528302,1013.75779638196
1.05,1.05627271816587,16.8079162681267,27346.4428971039,32704.8623061277,20.2982625236862,1495.47189548482,1014.31275253157
1.35,1.35772061485979,16.7564673221839,28197.5618202105,33764.3048233034,21.0205701650758,1496.13784702878,1014.87632581212
1.65,1.65901676520397,16.4627665788997,28637.9702410964,34534.5626980788,21.5386007018204,1495.80613937136,1015.33507393393
1.95,1.96013953844179,15.6925043484936,28993.3587785775,35624.9378635882,22.2584533934874,1494.17353158956,1016.04578619558
2.25,2.26090809151371,14.7869798912219,30650.6603349192,38518.4555584747,24.215188759534,1493.4916831735,1017.72898981612
2.55,2.56130933191708,14.4300881489028,31477.8856552227,39916.0731474279,25.1668816986683,1493.42706220339,1018.53186709411
2.85,2.86140949198236,13.8038415356773,32635.3935759375,42051.75606896,26.6192405406386,1493.04655348227,1019.77272256744
3.15,3.16121685248596,13.0689599351069,32932.0153331618,43253.1061911048,27.4087781452236,1491.50278820774,1020.52243031142
3.45,3.4608359766151,12.5176591276044,33095.9812590696,44107.2044853653,27.9642684200778,1490.27977820177,1021.05479091365
3.75,3.76035753595964,12.3859597069651,33139.8388170017,44321.2359355693,28.1033790677052,1489.99604051514,1021.18770091425
4.05,4.05983821747712,12.2904213156377,33239.0594245142,44567.8249960874,28.2682545648188,1489.86683161402,1021.33393771529
4.35,4.35928020169183,12.1955520861269,33299.6726475752,44762.9767269878,28.3969780665708,1489.69651161421,1021.4520429305
4.65,4.65868842319795,12.1159804464664,33368.301952975,44951.394994271,28.5222272881854,1489.57461168372,1021.56467933559
4.95,4.95806205675611,12.0190647225159,33433.3693105354,45156.9610971295,28.6578995395891,1489.40451496365,1021.68847083714
5.25,5.25741093143553,11.984472852468,33457.2316615578,45231.4567183632,28.7070164603784,1489.34767075459,1021.73405660139
5.55,5.55675084099114,11.9755832117733,33467.8868625252,45256.739658225,28.7238689666309,1489.34175781071,1021.75005801244
5.85,5.85607600883822,11.912865944009,33515.522225976,45398.1577545534,28.8174358453698,1489.23986452432,1021.83508948324
6.15,6.1553715983207,11.781319040235,33534.038568024,45585.6932854164,28.9369479487595,1488.92843061408,1021.95240994981
6.45,6.45463903565736,11.6796016123387,33526.8541521825,45702.3150176532,29.009206612598,1488.66384706993,1022.02773325228
6.75,6.75388861136044,11.6080357553512,33513.1971955829,45773.0065327038,29.0519365194141,1488.4690071787,1022.07479787558
7.05,7.05312761734783,11.5803008869629,33516.6118997781,45812.378639733,29.0768271193772,1488.40637787032,1022.1003226824
7.35,7.35235879154031,11.5576946665328,33529.1961632482,45857.9192001717,29.1065417763225,1488.36747827525,1022.12868873437
7.65,7.65158001583834,11.5097131110839,33530.6682547961,45920.2023209224,29.1455433167689,1488.25047522873,1022.16868754996
7.95,7.95078854283046,11.4511893558545,33530.552833763,45993.7706098163,29.1914061915731,1488.1044153995,1022.21582996118
8.25,8.24998493037592,11.4111820904597,33535.1789599452,46050.6594878333,29.2273314261039,1488.01146467495,1022.25202346303
8.55,8.54917312012206,11.3718864893934,33519.1991453288,46078.4446183504,29.2428406773237,1487.89644959698,1022.27223677537
8.85,8.84835177153339,11.3161261940727,33519.4193040726,46149.4972301635,29.2870926656768,1487.75763221759,1022.31759580833
9.15,9.14751743205096,11.2525744527208,33509.3345129604,46216.4894753363,29.3276522601811,1487.58661034993,1022.36140902869
9.45,9.44667245208677,11.2104873621516,33502.4274808288,46260.6691063851,29.354309576018,1487.47460565768,1022.39070995807
9.75,9.74582193686178,11.1921738304981,33493.3851386637,46271.5852542129,29.3599949515758,1487.42151340196,1022.39963198026
10.05,10.0449666662309,11.1645275599076,33494.5099706476,46308.5131074407,29.3830018320248,1487.35611710099,1022.42360418784
10.35,10.3441059765817,11.140270345126,33485.2449170212,46326.777023594,29.3932267204817,1487.28733443748,1022.43706314502
10.65,10.6432424902005,11.1346050158521,33485.6347478295,46334.579737539,29.398010756266,1487.27791955695,1022.4431108736
10.95,10.9423783800462,11.1295289241918,33476.7904201321,46328.8498590366,29.393342926004,1487.25924062754,1022.44171585097
11.25,11.2415129870853,11.118262211525,33477.277433689,46343.9758502648,29.4026942789064,1487.23543488837,1022.45226883591
11.55,11.5406448922262,11.1034977169683,33471.128083287,46354.4118989278,29.4083846642668,1487.19480877111,1022.4605749095
11.85,11.8397748394804,11.089999823245,33462.5504354828,46359.8650586999,29.410701100653,1487.15460808593,1022.46604197572
12.15,12.1389017380257,11.0331806134642,33422.2816157283,46377.0905686295,29.4167724514547,1486.96496573113,1022.48180561806
12.45,12.4380238595939,10.9970125022005,33405.6211094096,46400.5465833693,29.4293493337205,1486.85637034396,1022.49908846943
12.75,12.7371424957865,10.9970356904306,33413.1114803033,46410.9208431096,29.436524442166,1486.87001028018,1022.50602259723
13.05,13.0362591430358,10.9973681094552,33421.0809497216,46421.5617765443,29.4439196170697,1486.88501526384,1022.51307517613
13.35,13.3353745599319,10.9955567574876,33419.8160192897,46422.1407164898,29.4440193165654,1486.88361928654,1022.51482302941
13.65,13.6344893029476,10.9887646084813,33415.3258265325,46424.6636277391,29.4449612888627,1486.86551013449,1022.51807111922
13.95,13.9336029553997,10.983900177702,33414.627245694,46429.9687925433,29.448060408684,1486.85685301618,1022.52266785959
14.25,14.2327159712677,10.983161197281,33412.3689382089,46427.7843114207,29.4463308724134,1486.85707209262,1022.52281210999
14.55,14.5318285822147,10.9842152784383,33415.7646831571,46431.142689361,29.4486847008503,1486.86858443314,1022.52582498947
14.9185357440117,14.8992734887888,10.9840350322191,33415.4141049897,46430.888135628,29.4483433259751,1486.8735880019,1022.52726438369
